slug,commonName,scientificName,common_norm,common_tokens,match_key,source_url
almaco-jack.html,Almaco Jack,Seriola rivoliana,almaco jack,almaco jack,seriola rivoliana,https://www.snorkelstj.com/almaco-jack.html
apple-murex.html,Apple Murex,Chicoreus pomum,apple murex,apple murex,chicoreus pomum,https://www.snorkelstj.com/apple-murex.html
apricot-sidegill-slug.html,Apricot Sidegill Slug -,Berthellina quadridens,apricot sidegill slug,apricot sidegill slug,berthellina quadridens,https://www.snorkelstj.com/apricot-sidegill-slug.html
arrow-squid.html,Arrow Squid Juvenile,,arrow squid juvenile,arrow juvenile squid,,https://www.snorkelstj.com/arrow-squid.html
atlantic-thorny-oyster.html,Atlantic Thorny Oyster -,Spondylus americanus,atlantic thorny oyster,atlantic oyster thorny,spondylus americanus,https://www.snorkelstj.com/atlantic-thorny-oyster.html
atlantic-wing-oyster.html,Atlantic Wing Oyster,Pteria colymbus,atlantic wing oyster,atlantic oyster wing,pteria colymbus,https://www.snorkelstj.com/atlantic-wing-oyster.html
balloonfish.html,Balloonfish,Diodon holocanthus,balloonfish,balloonfish,diodon holocanthus,https://www.snorkelstj.com/balloonfish.html
ballyhoo.html,Ballyhoo-,Hemiramphus brasiliensis,ballyhoo,ballyhoo,hemiramphus brasiliensis,https://www.snorkelstj.com/ballyhoo.html
banded-butterflyfish.html,Banded Butterflyfish,Chaetodon striatus,banded butterflyfish,banded butterflyfish,chaetodon striatus,https://www.snorkelstj.com/banded-butterflyfish.html
banded-clinging-crab.html,Banded Clinging Crab,Mithrax cinctimanus,banded clinging crab,banded clinging crab,mithrax cinctimanus,https://www.snorkelstj.com/banded-clinging-crab.html
banded-coral-shrimp.html,Banded Coral Shrimp,Stenopus hispidus,banded coral shrimp,banded coral shrimp,stenopus hispidus,https://www.snorkelstj.com/banded-coral-shrimp.html
banded-jawfish.html,Banded Jawfish,Opistognathus macrognathus,banded jawfish,banded jawfish,opistognathus macrognathus,https://www.snorkelstj.com/banded-jawfish.html
bandtail-pufferfish.html,Bandtail Pufferfish,Sphoeroides spengleri,bandtail pufferfish,bandtail pufferfish,sphoeroides spengleri,https://www.snorkelstj.com/bandtail-pufferfish.html
bar-jack.html,Bar Jack,Caranx ruber,bar jack,bar jack,caranx ruber,https://www.snorkelstj.com/bar-jack.html
bareye-hermit-crab.html,Bareye Hermit Crab,Dardanus focosus,bareye hermit crab,bareye crab hermit,dardanus focosus,https://www.snorkelstj.com/bareye-hermit-crab.html
barfin-blenny.html,Barfin Blenny,Malacoctenus versicolor,barfin blenny,barfin blenny,malacoctenus versicolor,https://www.snorkelstj.com/barfin-blenny.html
barnacles.html,Barnacles- Cirripedia,,barnacles cirripedia,barnacles cirripedia,,https://www.snorkelstj.com/barnacles.html
barracuda.html,Great Barracuda,Sphyraena barracuda,great barracuda,barracuda great,sphyraena barracuda,https://www.snorkelstj.com/barracuda.html
barred-hamlet.html,Barred Hamlet,Hypoplectrus puella,barred hamlet,barred hamlet,hypoplectrus puella,https://www.snorkelstj.com/barred-hamlet.html
basket-star.html,Basket Star,Echeneis naucrates,basket star,basket star,echeneis naucrates,https://www.snorkelstj.com/basket-star.html
batwing-coral-crab.html,Batwing Coral Crab,Carpilius corallinus,batwing coral crab,batwing coral crab,carpilius corallinus,https://www.snorkelstj.com/batwing-coral-crab.html
beaded-anemone.html,Beaded Sea Anemone,Epicystis crucifer,beaded sea anemone,anemone beaded sea,epicystis crucifer,https://www.snorkelstj.com/beaded-anemone.html
beaded-sea-cucumber.html,Beaded Sea cucumber,Euapta lappa,beaded sea cucumber,beaded cucumber sea,euapta lappa,https://www.snorkelstj.com/beaded-sea-cucumber.html
bearded-fireworm.html,Bearded Fireworm,Hermodice carunculata,bearded fireworm,bearded fireworm,hermodice carunculata,https://www.snorkelstj.com/bearded-fireworm.html
beaugregory.html,Beaugregory Damselfish,Stegastes leucostictus,beaugregory damselfish,beaugregory damselfish,stegastes leucostictus,https://www.snorkelstj.com/beaugregory.html
bell-sponge.html,Bell Sponge,Ircinia campana,bell sponge,bell sponge,ircinia campana,https://www.snorkelstj.com/bell-sponge.html
belted-cardinalfish.html,Belted Cardinalfish -,Apogon townsedni,belted cardinalfish,belted cardinalfish,apogon townsedni,https://www.snorkelstj.com/belted-cardinalfish.html
bent-sea-rod.html,Bent Sea Rod,Plexaura flexuosa,bent sea rod,bent rod sea,plexaura flexuosa,https://www.snorkelstj.com/bent-sea-rod.html
bi-colored-damselfish.html,Bi-Colored Damselfish,Stegastes partitus,bi colored damselfish,bi colored damselfish,stegastes partitus,https://www.snorkelstj.com/bi-colored-damselfish.html
bigeye-scad.html,Bigeye Scad,Selar crumenophthalmus,bigeye scad,bigeye scad,selar crumenophthalmus,https://www.snorkelstj.com/bigeye-scad.html
black-ball-sponges.html,Black Ball Sponge,Ircinia strobilina,black ball sponge,ball black sponge,ircinia strobilina,https://www.snorkelstj.com/black-ball-sponges.html
black-grouper.html,Black Grouper -,Mycteroperca bonaci,black grouper,black grouper,mycteroperca bonaci,https://www.snorkelstj.com/black-grouper.html
black-margate.html,Black Margate,Anisotremus surinamensis,black margate,black margate,anisotremus surinamensis,https://www.snorkelstj.com/black-margate.html
black-pinnacle-sponge.html,Black Pinnacle Sponge,,black pinnacle sponge,black pinnacle sponge,,https://www.snorkelstj.com/black-pinnacle-sponge.html
black-sea-rod.html,Black Sea Rod,Plexaura homomalla,black sea rod,black rod sea,plexaura homomalla,https://www.snorkelstj.com/black-sea-rod.html
black-spotted-feather-duster-worm.html,Black-Spotted Feather Duster Worm,Branchiomma nigromaculata,black spotted feather duster worm,black duster feather spotted worm,branchiomma nigromaculata,https://www.snorkelstj.com/black-spotted-feather-duster-worm.html
black-tunicate.html,Black tunicate,Phallusia nigra,black tunicate,black tunicate,phallusia nigra,https://www.snorkelstj.com/black-tunicate.html
black-urchin-shrimp.html,Black Urchin Shrimp,Tuleariocaris neglecta,black urchin shrimp,black shrimp urchin,tuleariocaris neglecta,https://www.snorkelstj.com/black-urchin-shrimp.html
blackbar-soldierfish.html,Blackbar Soldierfish,Myripristis jacobus,blackbar soldierfish,blackbar soldierfish,myripristis jacobus,https://www.snorkelstj.com/blackbar-soldierfish.html
blackear-wrasse.html,Blackear Wrasse,Halichoeres poeyi,blackear wrasse,blackear wrasse,halichoeres poeyi,https://www.snorkelstj.com/blackear-wrasse.html
blackfin-cardinalfish.html,Blackfin Cardinalfish,Astrapogon puncticulatus,blackfin cardinalfish,blackfin cardinalfish,astrapogon puncticulatus,https://www.snorkelstj.com/blackfin-cardinalfish.html
blacktip-shark.html,Blacktip Shark,Carcharhinus limbatus,blacktip shark,blacktip shark,carcharhinus limbatus,https://www.snorkelstj.com/blacktip-shark.html
blade-fire-coral.html,Blade Fire Coral,Millepora complanata,blade fire coral,blade coral fire,millepora complanata,https://www.snorkelstj.com/blade-fire-coral.html
bleeding-heart-tunicate.html,Bleeding,Heart tunicate,bleeding,bleeding,heart tunicate,https://www.snorkelstj.com/bleeding-heart-tunicate.html
blue-bell-tunicate.html,Blue Bell tunicate,Clavelina puerto-secensis,blue bell tunicate,bell blue tunicate,clavelina puerto,https://www.snorkelstj.com/blue-bell-tunicate.html
blue-crust-coral.html,Blue Crust Coral,Porites branneri,blue crust coral,blue coral crust,porites branneri,https://www.snorkelstj.com/blue-crust-coral.html
blue-porcelain-crab.html,Blue Porcelain Crab,Porcellana sayana,blue porcelain crab,blue crab porcelain,porcellana sayana,https://www.snorkelstj.com/blue-porcelain-crab.html
blue-runner-jack.html,Blue Runner-Jack,Caranx crysos,blue runner jack,blue jack runner,caranx crysos,https://www.snorkelstj.com/blue-runner-jack.html
blue-tang.html,Blue Tang,Acanthurus coeruleus,blue tang,blue tang,acanthurus coeruleus,https://www.snorkelstj.com/blue-tang.html
bluehead-wrasse.html,Bluehead Wrasse,Thalassoma bifasciatum,bluehead wrasse,bluehead wrasse,thalassoma bifasciatum,https://www.snorkelstj.com/bluehead-wrasse.html
bluestriped-grunt.html,Bluestriped Grunt,Haemulon sciurus,bluestriped grunt,bluestriped grunt,haemulon sciurus,https://www.snorkelstj.com/bluestriped-grunt.html
blunt-spine-brittle-stars.html,Blunt Spine Brittle Stars,,blunt spine brittle stars,blunt brittle spine stars,,https://www.snorkelstj.com/blunt-spine-brittle-stars.html
bonefish.html,Bonefish,Albula vulpes,bonefish,bonefish,albula vulpes,https://www.snorkelstj.com/bonefish.html
boulder-brain-coral.html,Boulder Brain Coral,Colpophyllia natans,boulder brain coral,boulder brain coral,colpophyllia natans,https://www.snorkelstj.com/boulder-brain-coral.html
boulder-star-coral.html,Boulder Star Coral,Montastraea annularis,boulder star coral,boulder coral star,montastraea annularis,https://www.snorkelstj.com/boulder-star-coral.html
branching-fire-coral.html,Branching Fire Corals,Millepora alcicornis,branching fire corals,branching corals fire,millepora alcicornis,https://www.snorkelstj.com/branching-fire-coral.html
branching-hydroid.html,Branching Hydroid,Sertularella spp,branching hydroid,branching hydroid,,https://www.snorkelstj.com/branching-hydroid.html
branching-tube-sponge.html,Tube Sponges,,tube sponges,sponges tube,,https://www.snorkelstj.com/branching-tube-sponge.html
branching-vase-sponge.html,Branching Vase Sponge,Callyspongia aculeata,branching vase sponge,branching sponge vase,callyspongia aculeata,https://www.snorkelstj.com/branching-vase-sponge.html
bridled-burrfish.html,Bridled Burrfish,Chilomycterus antennatus,bridled burrfish,bridled burrfish,chilomycterus antennatus,https://www.snorkelstj.com/bridled-burrfish.html
brittle-star.html,Brittle Stars,,brittle stars,brittle stars,,https://www.snorkelstj.com/brittle-star.html
brown-doris.html,Brown Doris Nudibranch,Discodoris evelinea,brown doris nudibranch,brown doris nudibranch,discodoris evelinea,https://www.snorkelstj.com/brown-doris.html
brown-garden-eel.html,Brown Garden Eel,Heteroconger longissimus,brown garden eel,brown eel garden,heteroconger longissimus,https://www.snorkelstj.com/brown-garden-eel.html
brown-glass-shrimp.html,Brown Glass Shrimp,Leander tenuicornis,brown glass shrimp,brown glass shrimp,leander tenuicornis,https://www.snorkelstj.com/brown-glass-shrimp.html
bucktooth-parrotfish.html,Bucktooth Parrotfish,Sparisoma radians,bucktooth parrotfish,bucktooth parrotfish,sparisoma radians,https://www.snorkelstj.com/bucktooth-parrotfish.html
buffalo-trunkfish.html,Trunkfish (Buffalofish),Lactophrys trigonus,trunkfish,trunkfish,lactophrys trigonus,https://www.snorkelstj.com/buffalo-trunkfish.html
bulb-tunicate.html,Bulb tunicate,Clavalina spp,bulb tunicate,bulb tunicate,,https://www.snorkelstj.com/bulb-tunicate.html
burgundy-crust-alga.html,Burgundy Crust Alge,Peyssonnelia sp,burgundy crust alge,alge burgundy crust,,https://www.snorkelstj.com/burgundy-crust-alga.html
burrowing-sea-cucumber.html,Burrowing Sea Cucumber,Holothuria arenicola,burrowing sea cucumber,burrowing cucumber sea,holothuria arenicola,https://www.snorkelstj.com/burrowing-sea-cucumber.html
butter-hamlet.html,Butter Hamlet,Hypoplectrus unicolor,butter hamlet,butter hamlet,hypoplectrus unicolor,https://www.snorkelstj.com/butter-hamlet.html
button-tunicate.html,Button tunicate,Distaplia corolla,button tunicate,button tunicate,distaplia corolla,https://www.snorkelstj.com/button-tunicate.html
caesar-grunt.html,Ceasar Grunt,Haemulon carbonarium,ceasar grunt,ceasar grunt,haemulon carbonarium,https://www.snorkelstj.com/caesar-grunt.html
cake-sponge.html,Brown Cake Sponge,Hyrtios violaceus,brown cake sponge,brown cake sponge,hyrtios violaceus,https://www.snorkelstj.com/cake-sponge.html
caribbean-reef-octopus.html,Reef Octopus,Octopus briareus,reef octopus,octopus reef,octopus briareus,https://www.snorkelstj.com/caribbean-reef-octopus.html
caribbean-reef-squid.html,Reef Squid,Sepioteuthis sepioidea,reef squid,reef squid,sepioteuthis sepioidea,https://www.snorkelstj.com/caribbean-reef-squid.html
caribbean-spiny-lobster.html,Spiny Lobster,Panulirus argus,spiny lobster,lobster spiny,panulirus argus,https://www.snorkelstj.com/caribbean-spiny-lobster.html
cero-mackerel.html,Cero Mackeral,Scomberomorus regalis,cero mackeral,cero mackeral,scomberomorus regalis,https://www.snorkelstj.com/cero-mackerel.html
chain-moray-eel.html,Chain Moray Eel,Echidna catenata,chain moray eel,chain eel moray,echidna catenata,https://www.snorkelstj.com/chain-moray-eel.html
channel-clinging-crab.html,King Crab,Mithrax spinosissimus,king crab,crab king,mithrax spinosissimus,https://www.snorkelstj.com/channel-clinging-crab.html
checkered-pufferfish.html,Checkered-Pufferfish,Sphoeroides testudineus,checkered pufferfish,checkered pufferfish,sphoeroides testudineus,https://www.snorkelstj.com/checkered-pufferfish.html
chestnut-moray.html,Chestnut Moray Eel,Enchelycore carychroa,chestnut moray eel,chestnut eel moray,enchelycore carychroa,https://www.snorkelstj.com/chestnut-moray.html
chitons.html,Chitons,,chitons,chitons,,https://www.snorkelstj.com/chitons.html
christmas-tree-hydroid.html,Christmas Tree Hydroid,Halocordyle disticha,christmas tree hydroid,christmas hydroid tree,halocordyle disticha,https://www.snorkelstj.com/christmas-tree-hydroid.html
christmas-tree-worm.html,Christmas Tree Worm,Spirobranchus giganteus,christmas tree worm,christmas tree worm,spirobranchus giganteus,https://www.snorkelstj.com/christmas-tree-worm.html
chromis.html,Blue and Brown Chromis,Chromis sp,blue and brown chromis,and blue brown chromis,,https://www.snorkelstj.com/chromis.html
chub.html,Chub,Kyphosus sectatrix,chub,chub,kyphosus sectatrix,https://www.snorkelstj.com/chub.html
ciliated-false-squilla.html,Ciliated False Squilla (Spearing Shrimp),Pseudosquilla ciliate,ciliated false squilla,ciliated false squilla,pseudosquilla ciliate,https://www.snorkelstj.com/ciliated-false-squilla.html
circle-marked-brittle-star.html,Circle Marked Brittle Star,Ophioderma cinereum,circle marked brittle star,brittle circle marked star,ophioderma cinereum,https://www.snorkelstj.com/circle-marked-brittle-star.html
cleaning-goby.html,Cleaning Goby,Elacatinus genie,cleaning goby,cleaning goby,elacatinus genie,https://www.snorkelstj.com/cleaning-goby.html
clinging-crabs.html,clinging-crabs,Mithrax ssp,clinging crabs,clinging crabs,mithrax ssp,https://www.snorkelstj.com/clinging-crabs.html
clown-wrasse.html,Clown Wrasse,Halichoeres maculipinna,clown wrasse,clown wrasse,halichoeres maculipinna,https://www.snorkelstj.com/clown-wrasse.html
club-hydromedusa.html,Club Hydromedusa,Orchistoma pileus,club hydromedusa,club hydromedusa,orchistoma pileus,https://www.snorkelstj.com/club-hydromedusa.html
cocoa-damselfish.html,Cocoa Damselfish,Stegastes veriabilis,cocoa damselfish,cocoa damselfish,stegastes veriabilis,https://www.snorkelstj.com/cocoa-damselfish.html
colon-goby.html,Colon|Bridled Goby,Coryphopterus dicrus,colon bridled goby,bridled colon goby,coryphopterus dicrus,https://www.snorkelstj.com/colon-goby.html
comb-jelly.html,"Comb Jelly, Sea Walnut",Mnemiopsis mccradyi,comb jelly sea walnut,comb jelly sea walnut,mnemiopsis mccradyi,https://www.snorkelstj.com/comb-jelly.html
common-comet-star.html,Common Comet Star,Linckia guildingii,common comet star,comet common star,linckia guildingii,https://www.snorkelstj.com/common-comet-star.html
common-octopus.html,Common Octopus,Octopus insularis,common octopus,common octopus,octopus insularis,https://www.snorkelstj.com/common-octopus.html
common-sea-fan.html,Common Sea Fan,Gorgonia ventalina,common sea fan,common fan sea,gorgonia ventalina,https://www.snorkelstj.com/common-sea-fan.html
common-squirrelfish.html,Common Squirrelfish,Holocentrus adscensionis,common squirrelfish,common squirrelfish,holocentrus adscensionis,https://www.snorkelstj.com/common-squirrelfish.html
conch.html,Conch,Strombus gigas,conch,conch,strombus gigas,https://www.snorkelstj.com/conch.html
coney.html,Coney-(Sea Bass Family),Cephalopholis fulva,coney,coney,cephalopholis fulva,https://www.snorkelstj.com/coney.html
coral-encrusting-sponge.html,Coral Encrusting Sponge,Spheciospongia cuspidifera,coral encrusting sponge,coral encrusting sponge,spheciospongia cuspidifera,https://www.snorkelstj.com/coral-encrusting-sponge.html
corallimorph.html,Warty Corallimorph,Rhodactis osculifera,warty corallimorph,corallimorph warty,rhodactis osculifera,https://www.snorkelstj.com/corallimorph.html
coralline-algae.html,Coralline Algae,,coralline algae,algae coralline,,https://www.snorkelstj.com/coralline-algae.html
corkscrew-anemone.html,Corkscrew Sea Anemone,Bartholomea annulata,corkscrew sea anemone,anemone corkscrew sea,bartholomea annulata,https://www.snorkelstj.com/corkscrew-anemone.html
corky-sea-finger.html,Corky Sea Finger,Briareum asbestium,corky sea finger,corky finger sea,briareum asbestium,https://www.snorkelstj.com/corky-sea-finger.html
creole-wrasse.html,Creole Wrasse,Clepticus parrae,creole wrasse,creole wrasse,clepticus parrae,https://www.snorkelstj.com/creole-wrasse.html
crevice-brittle-star.html,Crevice Brittle Star,,crevice brittle star,brittle crevice star,,https://www.snorkelstj.com/crevice-brittle-star.html
crustose-coralline-algae.html,Crustose Coralline Algae,,crustose coralline algae,algae coralline crustose,,https://www.snorkelstj.com/crustose-coralline-algae.html
cryptic-teardrop-crab.html,Crypic Teardrop Crab,Pelia mutica,crypic teardrop crab,crab crypic teardrop,pelia mutica,https://www.snorkelstj.com/cryptic-teardrop-crab.html
cubera-snapper.html,Cubera Snapper,Lutjanus cyanopterus,cubera snapper,cubera snapper,lutjanus cyanopterus,https://www.snorkelstj.com/cubera-snapper.html
cushion-sea-star.html,Cushion Sea Star,Oreaster reticulatus,cushion sea star,cushion sea star,oreaster reticulatus,https://www.snorkelstj.com/cushion-sea-star.html
dash-goby.html,Dash Goby,Ctenogobius saepepallens,dash goby,dash goby,ctenogobius saepepallens,https://www.snorkelstj.com/dash-goby.html
dead-mans-fingers.html,Dead Man's Fingers Algae,Codium isthmocladum,dead man s fingers algae,algae dead fingers man s,codium isthmocladum,https://www.snorkelstj.com/dead-mans-fingers.html
decorator-crab.html,Decorator Crabs,,decorator crabs,crabs decorator,,https://www.snorkelstj.com/decorator-crab.html
disk-corals.html,Solitary Disk Coral,Scolymia cubensis,solitary disk coral,coral disk solitary,scolymia cubensis,https://www.snorkelstj.com/disk-corals.html
doctorfish.html,Doctorfish,Acanthurus chirurgus,doctorfish,doctorfish,acanthurus chirurgus,https://www.snorkelstj.com/doctorfish.html
dog-snapper.html,Dog Snapper,Lutjanus jocu,dog snapper,dog snapper,lutjanus jocu,https://www.snorkelstj.com/dog-snapper.html
donkey-dung-sea-cucumber.html,Donkey Dung Sea Cucumber,Holothuria mexicana,donkey dung sea cucumber,cucumber donkey dung sea,holothuria mexicana,https://www.snorkelstj.com/donkey-dung-sea-cucumber.html
doughnut-sea-rod.html,Doughnut Sea Rod,Eunicea fusca,doughnut sea rod,doughnut rod sea,eunicea fusca,https://www.snorkelstj.com/doughnut-sea-rod.html
dusky-blenny.html,Dusky Blenny,Malacoctenus gilli,dusky blenny,blenny dusky,malacoctenus gilli,https://www.snorkelstj.com/dusky-blenny.html
dusky-cardinalfish.html,Dusky Cardinalfish,Phaeoptyx pigmentaria,dusky cardinalfish,cardinalfish dusky,phaeoptyx pigmentaria,https://www.snorkelstj.com/dusky-cardinalfish.html
dusky-damselfish.html,Dusky Damselfish,Stegastes adustus,dusky damselfish,damselfish dusky,stegastes adustus,https://www.snorkelstj.com/dusky-damselfish.html
dusky-squirrelfish.html,Dusky Squirrelfish,Sargocentron vexillarium,dusky squirrelfish,dusky squirrelfish,sargocentron vexillarium,https://www.snorkelstj.com/dusky-squirrelfish.html
eels.html,Eels,,eels,eels,,https://www.snorkelstj.com/eels.html
elegant-anemone.html,Elegant Anemone,Actinoporus elegans,elegant anemone,anemone elegant,actinoporus elegans,https://www.snorkelstj.com/elegant-anemone.html
elkhorn-coral.html,Elkhorn Coral,Acropora palmata,elkhorn coral,coral elkhorn,acropora palmata,https://www.snorkelstj.com/elkhorn-coral.html
elliptical-star-coral.html,Eliptical Star Coral,Dichocoenia stokesii,eliptical star coral,coral eliptical star,dichocoenia stokesii,https://www.snorkelstj.com/elliptical-star-coral.html
elongated-sea-pearl.html,Elongated Sea Pearl,Valonia macrophysa,elongated sea pearl,elongated pearl sea,valonia macrophysa,https://www.snorkelstj.com/elongated-sea-pearl.html
elongated-vase-sponge.html,Elongated Vase Sponge,Callyspongia aculeata,elongated vase sponge,elongated sponge vase,callyspongia aculeata,https://www.snorkelstj.com/elongated-vase-sponge.html
encrusting-gorgonian.html,Encrusting Gorgonian,Erythropodium caribaeorum,encrusting gorgonian,encrusting gorgonian,erythropodium caribaeorum,https://www.snorkelstj.com/encrusting-gorgonian.html
encrusting-social-tunicate.html,Encrusting,Social tunicate,encrusting,encrusting,social tunicate,https://www.snorkelstj.com/encrusting-social-tunicate.html
encrusting-sponge.html,Encrusting Sponges,,encrusting sponges,encrusting sponges,,https://www.snorkelstj.com/encrusting-sponge.html
eyed-flounder.html,Eyed Flounder,,eyed flounder,eyed flounder,,https://www.snorkelstj.com/eyed-flounder.html
fairy-basslet.html,Fairy Basslet,Gramma loreto,fairy basslet,basslet fairy,gramma loreto,https://www.snorkelstj.com/fairy-basslet.html
finger-corals.html,Finger Corals,Porites spp,finger corals,corals finger,,https://www.snorkelstj.com/finger-corals.html
fish-silvery.html,Silvery Fish -USVI,,silvery fish usvi,fish silvery usvi,,https://www.snorkelstj.com/fish-silvery.html
five-toothed-sea-cucumber.html,Five-Toothed Sea Cucumber,Actinopygia agassizii,five toothed sea cucumber,cucumber five sea toothed,actinopygia agassizii,https://www.snorkelstj.com/five-toothed-sea-cucumber.html
flagfin-mojarra.html,Flagfin Mojarra,Eucinostomus melanopterus,flagfin mojarra,flagfin mojarra,eucinostomus melanopterus,https://www.snorkelstj.com/flagfin-mojarra.html
flame-box-crab.html,Flame Box Crab (,Calappa flammea,flame box crab,box crab flame,calappa flammea,https://www.snorkelstj.com/flame-box-crab.html
flamefish.html,Flamefish,Apogon maculatus,flamefish,flamefish,apogon maculatus,https://www.snorkelstj.com/flamefish.html
flamingo-tongue.html,Flamingo Tongue,Cyphoma gibbosum,flamingo tongue,flamingo tongue,cyphoma gibbosum,https://www.snorkelstj.com/flamingo-tongue.html
flat-tree-oyster.html,Flat Tree Oyster,Isognomon alatus,flat tree oyster,flat oyster tree,isognomon alatus,https://www.snorkelstj.com/flat-tree-oyster.html
flat-tunicate.html,Flat tunicate,Botrylloides nigrum,flat tunicate,flat tunicate,botrylloides nigrum,https://www.snorkelstj.com/flat-tunicate.html
flatface-swimming-crab.html,Flatface Swimming Crab,Achelous depressifrons,flatface swimming crab,crab flatface swimming,achelous depressifrons,https://www.snorkelstj.com/flatface-swimming-crab.html
florida-false-coral.html,Florida False Corallimorph,Ricordea florida,florida false corallimorph,corallimorph false florida,ricordea florida,https://www.snorkelstj.com/florida-false-coral.html
florida-sea-cucumber.html,Florida Sea Cucumber,Holothuria floridana,florida sea cucumber,cucumber florida sea,holothuria floridana,https://www.snorkelstj.com/florida-sea-cucumber.html
flying-gurnard.html,Flying Gurnard,Dectylopterus volitans,flying gurnard,flying gurnard,dectylopterus volitans,https://www.snorkelstj.com/flying-gurnard.html
foureye-butterfly.html,Foureye Butterflyfish,Chaetodon capistratus,foureye butterflyfish,butterflyfish foureye,chaetodon capistratus,https://www.snorkelstj.com/foureye-butterfly.html
french-angelfish.html,French Angelfish,Pomacanthus paru,french angelfish,angelfish french,pomacanthus paru,https://www.snorkelstj.com/french-angelfish.html
french-grunt.html,French Grunt,Haemulon flavolineatum,french grunt,french grunt,haemulon flavolineatum,https://www.snorkelstj.com/french-grunt.html
frillfin-goby.html,Frillfin Goby,Bathygobius soporator,frillfin goby,frillfin goby,bathygobius soporator,https://www.snorkelstj.com/frillfin-goby.html
fringe-back-nudibranch.html,Fringe-Back Nudibranch,Dondice occidentalis,fringe back nudibranch,back fringe nudibranch,dondice occidentalis,https://www.snorkelstj.com/fringe-back-nudibranch.html
fringed-filefish.html,Fringed Filefish,Monacanthus ciliatus,fringed filefish,filefish fringed,monacanthus ciliatus,https://www.snorkelstj.com/fringed-filefish.html
frond-oysters.html,Frond Oysters**,Dendostrea frons,frond oysters,frond oysters,dendostrea frons,https://www.snorkelstj.com/frond-oysters.html
fungus-sponge.html,Fungus Spongei,Dictyonella funicularis,fungus spongei,fungus spongei,dictyonella funicularis,https://www.snorkelstj.com/fungus-sponge.html
furry-sea-cucumber.html,Furry Sea Cucumber,Astichopus multifidus,furry sea cucumber,cucumber furry sea,astichopus multifidus,https://www.snorkelstj.com/furry-sea-cucumber.html
fused-staghorn-coral.html,Fused Staghorn Coral,Acropora prolifera,fused staghorn coral,coral fused staghorn,acropora prolifera,https://www.snorkelstj.com/fused-staghorn-coral.html
gaudy-clown-crab.html,Gaudy Clown Crab,Platypodiella spectabilis,gaudy clown crab,clown crab gaudy,platypodiella spectabilis,https://www.snorkelstj.com/gaudy-clown-crab.html
geometric-tunicate.html,Geometric tunicate,Botryllus sp,geometric tunicate,geometric tunicate,,https://www.snorkelstj.com/geometric-tunicate.html
giant-anemone.html,Giant Sea Anemone,Condylactus gigantea,giant sea anemone,anemone giant sea,condylactus gigantea,https://www.snorkelstj.com/giant-anemone.html
giant-barrel-sponge.html,Giant Barrel Sponge,Xestospongia muta,giant barrel sponge,barrel giant sponge,xestospongia muta,https://www.snorkelstj.com/giant-barrel-sponge.html
giant-brain-coral.html,Giant Brain Coral,Colpophyllia natans,giant brain coral,brain coral giant,colpophyllia natans,https://www.snorkelstj.com/giant-brain-coral.html
giant-hermit-crab.html,Giant Hermit Crab,Petrochirus diogenes,giant hermit crab,crab giant hermit,petrochirus diogenes,https://www.snorkelstj.com/giant-hermit-crab.html
giant-tunicate.html,Giant tunicate,Microcomus exasperatus,giant tunicate,giant tunicate,microcomus exasperatus,https://www.snorkelstj.com/giant-tunicate.html
glasseye-snapper.html,Glasseye Snapper,Heteropriacanthus cruentatus,glasseye snapper,glasseye snapper,heteropriacanthus cruentatus,https://www.snorkelstj.com/glasseye-snapper.html
glassy-sweeper.html,Glassy Sweeper,Pempheris schomburgki,glassy sweeper,glassy sweeper,pempheris schomburgki,https://www.snorkelstj.com/glassy-sweeper.html
golden-coral-shrimp.html,Golden Coral Shrimp,Stenopus scutellatus,golden coral shrimp,coral golden shrimp,stenopus scutellatus,https://www.snorkelstj.com/golden-coral-shrimp.html
goldentail-moray.html,Goldentail Moray Eel,Gymnothorax miliaris,goldentail moray eel,eel goldentail moray,gymnothorax miliaris,https://www.snorkelstj.com/goldentail-moray.html
goldline-blenny.html,Goldline Blenny,Malacoctenus aurolineatus,goldline blenny,blenny goldline,malacoctenus aurolineatus,https://www.snorkelstj.com/goldline-blenny.html
goldspot-goby.html,Goldspot Goby,Gnatholepis thompsoni,goldspot goby,goby goldspot,gnatholepis thompsoni,https://www.snorkelstj.com/goldspot-goby.html
goldspotted-eel.html,Goldspotted Eel,Myrichthys ocellatus,goldspotted eel,eel goldspotted,myrichthys ocellatus,https://www.snorkelstj.com/goldspotted-eel.html
golfball-coral.html,Golfball Coral,Favia fragum,golfball coral,coral golfball,favia fragum,https://www.snorkelstj.com/golfball-coral.html
gray-angelfish.html,Gray Angelfish,Pomacanthus arcuatus,gray angelfish,angelfish gray,pomacanthus arcuatus,https://www.snorkelstj.com/gray-angelfish.html
gray-snapper.html,Gray Snapper,Lutjanus griseus,gray snapper,gray snapper,lutjanus griseus,https://www.snorkelstj.com/gray-snapper.html
graysby.html,Graysby,Cephalopholis cruentatus,graysby,graysby,cephalopholis cruentatus,https://www.snorkelstj.com/graysby.html
great-star-coral.html,Great Star Coral,Montestrea cavernosa,great star coral,coral great star,montestrea cavernosa,https://www.snorkelstj.com/great-star-coral.html
greater-soapfish.html,Greater Soapfish,Rypticus saponaceus,greater soapfish,greater soapfish,rypticus saponaceus,https://www.snorkelstj.com/greater-soapfish.html
green-clinging-crab.html,Green Clinging Crab,Mithrax sculptus,green clinging crab,clinging crab green,mithrax sculptus,https://www.snorkelstj.com/green-clinging-crab.html
green-encrusting-tunicate.html,Green,Encrusting tunicate,green,green,encrusting tunicate,https://www.snorkelstj.com/green-encrusting-tunicate.html
green-mangrove-bulb-sponge.html,Mangrove Bulb Sponge,,mangrove bulb sponge,bulb mangrove sponge,,https://www.snorkelstj.com/green-mangrove-bulb-sponge.html
green-moray-eel.html,Green Moray Eel,Gymnothorax funebris,green moray eel,eel green moray,gymnothorax funebris,https://www.snorkelstj.com/green-moray-eel.html
green-razorfish.html,Green Razorfish Juvenile,Xyrichtys splendens,green razorfish juvenile,green juvenile razorfish,xyrichtys splendens,https://www.snorkelstj.com/green-razorfish.html
green-tube-tunicate.html,Green Tube tunicate,Ascidia sydneiensis,green tube tunicate,green tube tunicate,ascidia sydneiensis,https://www.snorkelstj.com/green-tube-tunicate.html
greenbanded-goby.html,Greenbanded Goby,Elacatinus multifasciatum,greenbanded goby,goby greenbanded,elacatinus multifasciatum,https://www.snorkelstj.com/greenbanded-goby.html
grooved-brain-coral.html,Grooved Brain Coral,Diploria labyrinthiformis,grooved brain coral,brain coral grooved,diploria labyrinthiformis,https://www.snorkelstj.com/grooved-brain-coral.html
grub-sea-cucumber.html,Grub Sea Cucumber,Pseudothyone belli,grub sea cucumber,cucumber grub sea,pseudothyone belli,https://www.snorkelstj.com/grub-sea-cucumber.html
hairy-blenny.html,Hairy Blenny,Labrisomus nuchipinnis,hairy blenny,blenny hairy,labrisomus nuchipinnis,https://www.snorkelstj.com/hairy-blenny.html
hamlets.html,Hamlets,Hypoplectrus sp,hamlets,hamlets,,https://www.snorkelstj.com/hamlets.html
harleguin-bass.html,Harlequin Bass,Serranus tigrinus,harlequin bass,bass harlequin,serranus tigrinus,https://www.snorkelstj.com/harleguin-bass.html
harlequin-pipefish.html,Harlequin Pipefish,Micrognathus crinitus,harlequin pipefish,harlequin pipefish,micrognathus crinitus,https://www.snorkelstj.com/harlequin-pipefish.html
heavenly-sponge.html,Heavenly Sponge,Dysidea etheria,heavenly sponge,heavenly sponge,dysidea etheria,https://www.snorkelstj.com/heavenly-sponge.html
helmet-snail.html,Helmet Snail,Cassis tuberosa,helmet snail,helmet snail,cassis tuberosa,https://www.snorkelstj.com/helmet-snail.html
hidden-anemone.html,Hidden Anemone,Lebrunia coralligens,hidden anemone,anemone hidden,lebrunia coralligens,https://www.snorkelstj.com/hidden-anemone.html
hidden-cup-coral.html,Hidden Cup Coral,Phyllangia americana,hidden cup coral,coral cup hidden,phyllangia americana,https://www.snorkelstj.com/hidden-cup-coral.html
hidden-sea-cucumber.html,Hidden Sea Cucumber,Pseudothyone belli,hidden sea cucumber,cucumber hidden sea,pseudothyone belli,https://www.snorkelstj.com/hidden-sea-cucumber.html
highhat.html,Highhat,Pareques acuminatus,highhat,highhat,pareques acuminatus,https://www.snorkelstj.com/highhat.html
honeycomb-cowfish.html,Honeycomb Cowfish,Acanthostracion polygonia,honeycomb cowfish,cowfish honeycomb,acanthostracion polygonia,https://www.snorkelstj.com/honeycomb-cowfish.html
honeycomb-plate-coral.html,Honeycomb Plate Coral,Porites colonensis,honeycomb plate coral,coral honeycomb plate,porites colonensis,https://www.snorkelstj.com/honeycomb-plate-coral.html
horse-eye-jack.html,Horse Eye Jack,Caranx latus,horse eye jack,eye horse jack,caranx latus,https://www.snorkelstj.com/horse-eye-jack.html
horseshoe-worm.html,Horseshoe Tube Worm,,horseshoe tube worm,horseshoe tube worm,,https://www.snorkelstj.com/horseshoe-worm.html
hybrid-black-hamlet.html,Hybrid Black Hamlet,Hypoplectrus sp,hybrid black hamlet,black hamlet hybrid,,https://www.snorkelstj.com/hybrid-black-hamlet.html
hybrid-yellowbelly-hamlet.html,Hybrid Yellowbelly Hamlet,Hypoplectrus sp,hybrid yellowbelly hamlet,hamlet hybrid yellowbelly,,https://www.snorkelstj.com/hybrid-yellowbelly-hamlet.html
hybrid-yellowtail-hamlet.html,Hybrid Yellowtail Hamlet,Hypoplectrus sp,hybrid yellowtail hamlet,hamlet hybrid yellowtail,,https://www.snorkelstj.com/hybrid-yellowtail-hamlet.html
indigo-hamlet.html,Indigo Hamlet,Hypoplectrus indigo,indigo hamlet,hamlet indigo,hypoplectrus indigo,https://www.snorkelstj.com/indigo-hamlet.html
indo-pacific-lionfish.html,Indo-Pacific Lionfish,Pterois volitans,indo pacific lionfish,indo lionfish pacific,pterois volitans,https://www.snorkelstj.com/indo-pacific-lionfish.html
inshore-lizardfish.html,Inshore Lizardfish,Synodus foetens,inshore lizardfish,inshore lizardfish,synodus foetens,https://www.snorkelstj.com/inshore-lizardfish.html
isopod.html,Isopod,Anilocra ssp,isopod,isopod,anilocra ssp,https://www.snorkelstj.com/isopod.html
jawfish.html,Jawfish -USVI,,jawfish usvi,jawfish usvi,,https://www.snorkelstj.com/jawfish.html
knobby-anemone.html,Knobby Sea Anemone,Ragactis lucida,knobby sea anemone,anemone knobby sea,ragactis lucida,https://www.snorkelstj.com/knobby-anemone.html
knobby-brain-coral.html,Knobby Brain Coral,Diploria clivosa,knobby brain coral,brain coral knobby,diploria clivosa,https://www.snorkelstj.com/knobby-brain-coral.html
knobby-sea-rods.html,Knobby Sea Rods,Eunicea spp,knobby sea rods,knobby rods sea,,https://www.snorkelstj.com/knobby-sea-rods.html
knobby-star-coral.html,Knobby Star Coral,Solenastrea hyades,knobby star coral,coral knobby star,solenastrea hyades,https://www.snorkelstj.com/knobby-star-coral.html
lane-snapper.html,Lane Snapper,Lutjanus synagris,lane snapper,lane snapper,lutjanus synagris,https://www.snorkelstj.com/lane-snapper.html
lavender-rope-sponge.html,Lavender Rope Sponge,Niphates erecta,lavender rope sponge,lavender rope sponge,niphates erecta,https://www.snorkelstj.com/lavender-rope-sponge.html
leather-jacket.html,Leather Jacket,Oligoplites saurus,leather jacket,jacket leather,oligoplites saurus,https://www.snorkelstj.com/leather-jacket.html
lemon-shark.html,Lemon Shark,Negaprion brevirostris,lemon shark,lemon shark,negaprion brevirostris,https://www.snorkelstj.com/lemon-shark.html
lesser-starlet-coral.html,Lesser Starlet Coral,Siderastrea radians,lesser starlet coral,coral lesser starlet,siderastrea radians,https://www.snorkelstj.com/lesser-starlet-coral.html
lettuce-coral.html,Lettuce Coral,Agaricia spp,lettuce coral,coral lettuce,,https://www.snorkelstj.com/lettuce-coral.html
lettuce-sea-slug.html,Lettuce Sea Slug,Tridachia crispata,lettuce sea slug,lettuce sea slug,tridachia crispata,https://www.snorkelstj.com/lettuce-sea-slug.html
limpet-snail.html,Limpet Snail,,limpet snail,limpet snail,,https://www.snorkelstj.com/limpet-snail.html
lined-seahare.html,Lined Seahare,Stylocheilus rickettsi,lined seahare,lined seahare,stylocheilus rickettsi,https://www.snorkelstj.com/lined-seahare.html
lobed-tube-sponge.html,Lobed Tube Sponge,Aiolochroia crassa,lobed tube sponge,lobed sponge tube,aiolochroia crassa,https://www.snorkelstj.com/lobed-tube-sponge.html
long-spine-brittle-stars.html,Long Spine Brittle Stars,Ophiothrix sp,long spine brittle stars,brittle long spine stars,,https://www.snorkelstj.com/long-spine-brittle-stars.html
long-spined-urchin.html,Long Spined Sea Urchin,Diadema antillarum,long spined sea urchin,long sea spined urchin,diadema antillarum,https://www.snorkelstj.com/long-spined-urchin.html
longfin-damselfish.html,Longfin Damselfish,Stegastes diencaeus,longfin damselfish,damselfish longfin,stegastes diencaeus,https://www.snorkelstj.com/longfin-damselfish.html
longspine-squirrelfish.html,Longspine Squirrelfish,Holocentrus rufus,longspine squirrelfish,longspine squirrelfish,holocentrus rufus,https://www.snorkelstj.com/longspine-squirrelfish.html
longspine-starsnail.html,Longspine Star Snail,Astralium phoebium,longspine star snail,longspine snail star,astralium phoebium,https://www.snorkelstj.com/longspine-starsnail.html
lumpy-overgrowing-sponges.html,Lumpy Overgrowing Sponges,Holopsamma helwigi,lumpy overgrowing sponges,lumpy overgrowing sponges,holopsamma helwigi,https://www.snorkelstj.com/lumpy-overgrowing-sponges.html
magnificent-featherduster-worm.html,Magnificent Feather Duster Worm,,magnificent feather duster worm,duster feather magnificent worm,,https://www.snorkelstj.com/magnificent-featherduster-worm.html
magnificent-urchin.html,Magnificent Urchin,Astropyga magnifica,magnificent urchin,magnificent urchin,astropyga magnifica,https://www.snorkelstj.com/magnificent-urchin.html
mahogany-snapper.html,Mahogany Snapper,Lutjanus mahogoni,mahogany snapper,mahogany snapper,lutjanus mahogoni,https://www.snorkelstj.com/mahogany-snapper.html
mangrove-sponge-anemone.html,Mangrove/Sponge Sea Anemones,,mangrove sponge sea anemones,anemones mangrove sea sponge,,https://www.snorkelstj.com/mangrove-sponge-anemone.html
mangrove-tunicate.html,Mangrove Tunicate,Ecteinascidia turbinata,mangrove tunicate,mangrove tunicate,ecteinascidia turbinata,https://www.snorkelstj.com/mangrove-tunicate.html
mangrove-upsidedown-jellyfish.html,Mangrove Upsidedown Jellyfish,Cassiopea xamachana,mangrove upsidedown jellyfish,jellyfish mangrove upsidedown,cassiopea xamachana,https://www.snorkelstj.com/mangrove-upsidedown-jellyfish.html
mantis-shrimp.html,Dark Mantis Shrimp,Neogonodactylus curacaoensis,dark mantis shrimp,dark mantis shrimp,neogonodactylus curacaoensis,https://www.snorkelstj.com/mantis-shrimp.html
masked-glass-goby.html,Masked/Glass Goby,,masked glass goby,glass goby masked,,https://www.snorkelstj.com/masked-glass-goby.html
massive-starlet-coral.html,Massive Starlet Coral,Siderastrea siderea,massive starlet coral,coral massive starlet,siderastrea siderea,https://www.snorkelstj.com/massive-starlet-coral.html
mat-zoanthids.html,Mat Zoanthid,Zoanthus pulchellus,mat zoanthid,mat zoanthid,zoanthus pulchellus,https://www.snorkelstj.com/mat-zoanthids.html
maze-coral.html,Maze Coral,Meandrina meandrites,maze coral,coral maze,meandrina meandrites,https://www.snorkelstj.com/maze-coral.html
mermaids-fan.html,Mermaid's Fan,Udotea spp,mermaid s fan,fan mermaid s,,https://www.snorkelstj.com/mermaids-fan.html
milk-conch.html,Milk Conch,Strombus costatus,milk conch,conch milk,strombus costatus,https://www.snorkelstj.com/milk-conch.html
mimic-blenny.html,Mimic Blenny,Gobioclinus guppyi,mimic blenny,blenny mimic,gobioclinus guppyi,https://www.snorkelstj.com/mimic-blenny.html
miniature-melo-headshield-slug.html,Miniature Melo Headshield Slug,Micromela undata,miniature melo headshield slug,headshield melo miniature slug,micromela undata,https://www.snorkelstj.com/miniature-melo-headshield-slug.html
molly-miller.html,Molly Miller Blenny,Scartella cristata,molly miller blenny,blenny miller molly,scartella cristata,https://www.snorkelstj.com/molly-miller.html
moon-jellyfish.html,Moon Jellyfish,Aurelia aurita,moon jellyfish,jellyfish moon,aurelia aurita,https://www.snorkelstj.com/moon-jellyfish.html
mottled-jawfish.html,Mottled Jawfish,Opistognathus maxillosus,mottled jawfish,jawfish mottled,opistognathus maxillosus,https://www.snorkelstj.com/mottled-jawfish.html
mottled-mojarra.html,Mottled Mojarra,Eucinostomus lefroyi,mottled mojarra,mojarra mottled,eucinostomus lefroyi,https://www.snorkelstj.com/mottled-mojarra.html
mottled-tunicate.html,Mottled tunicate,Distaplia bermudensis,mottled tunicate,mottled tunicate,distaplia bermudensis,https://www.snorkelstj.com/mottled-tunicate.html
mustard-hill-coral.html,Mustard Hill Coral,Porites astreoides,mustard hill coral,coral hill mustard,porites astreoides,https://www.snorkelstj.com/mustard-hill-coral.html
mutton-hamlet.html,Mutton Hamlet,Alphestes afer,mutton hamlet,hamlet mutton,alphestes afer,https://www.snorkelstj.com/mutton-hamlet.html
mutton-snapper.html,Mutton Snapper,Lutjanus analis,mutton snapper,mutton snapper,lutjanus analis,https://www.snorkelstj.com/mutton-snapper.html
mysid-shrimp.html,Mysid Shrimp,Mysidium spp,mysid shrimp,mysid shrimp,,https://www.snorkelstj.com/mysid-shrimp.html
mysterious-headshield-slug.html,Mysterious Headshield Slug,Navanax aenigmaticus,mysterious headshield slug,headshield mysterious slug,navanax aenigmaticus,https://www.snorkelstj.com/mysterious-headshield-slug.html
nassau-grouper.html,Nassau Grouper,Epinephelus striatus,nassau grouper,grouper nassau,epinephelus striatus,https://www.snorkelstj.com/nassau-grouper.html
needlefish.html,Needlefish -Fish Identification USVI,,needlefish fish identification usvi,fish identification needlefish usvi,,https://www.snorkelstj.com/needlefish.html
netted-barrel-sponge.html,Netted Barrel Sponge,Verongula gigantea,netted barrel sponge,barrel netted sponge,verongula gigantea,https://www.snorkelstj.com/netted-barrel-sponge.html
netted-flatworm.html,Netted Flatworm,Pseudoceros texarus,netted flatworm,flatworm netted,pseudoceros texarus,https://www.snorkelstj.com/netted-flatworm.html
night-sergeant.html,Night Sergeant,Abudefduf taurus,night sergeant,night sergeant,abudefduf taurus,https://www.snorkelstj.com/night-sergeant.html
nimble-spray-crab.html,Nimble Spray Crab,Percnon gibbesi,nimble spray crab,crab nimble spray,percnon gibbesi,https://www.snorkelstj.com/nimble-spray-crab.html
nurse-shark.html,Nurse Shark,Ginglymostoma cirratum,nurse shark,nurse shark,ginglymostoma cirratum,https://www.snorkelstj.com/nurse-shark.html
ocellate-swimming-crab.html,Ocellate Swimming Crab,Portunus sebae,ocellate swimming crab,crab ocellate swimming,portunus sebae,https://www.snorkelstj.com/ocellate-swimming-crab.html
octopus-sponge.html,Octopus Sponge,Ectyoplasia ferox,octopus sponge,octopus sponge,ectyoplasia ferox,https://www.snorkelstj.com/octopus-sponge.html
orange-ball-sponge.html,Orange Ball Sponge,Cinachyra allaclada,orange ball sponge,ball orange sponge,cinachyra allaclada,https://www.snorkelstj.com/orange-ball-sponge.html
orange-claw-hermit-crab.html,Orange Claw Hermit Crab,Calcinus tibicen,orange claw hermit crab,claw crab hermit orange,calcinus tibicen,https://www.snorkelstj.com/orange-claw-hermit-crab.html
orange-cup-coral.html,Orange Cup Coral,Tubastraea coccinea,orange cup coral,coral cup orange,tubastraea coccinea,https://www.snorkelstj.com/orange-cup-coral.html
orange-fire-worm.html,Orange Fire Worm,Eurythoe complanata,orange fire worm,fire orange worm,eurythoe complanata,https://www.snorkelstj.com/orange-fire-worm.html
orange-icing-sponge.html,Orange Icing Sponge,Mycale laevis,orange icing sponge,icing orange sponge,mycale laevis,https://www.snorkelstj.com/orange-icing-sponge.html
orange-lumpy-encrusting-sponge.html,Orange Lumpy Encrusting Sponge,Ulosa ruetzleri,orange lumpy encrusting sponge,encrusting lumpy orange sponge,ulosa ruetzleri,https://www.snorkelstj.com/orange-lumpy-encrusting-sponge.html
orange-overgrowing-tunicate.html,Orange Overgrowing Tunicate,,orange overgrowing tunicate,orange overgrowing tunicate,,https://www.snorkelstj.com/orange-overgrowing-tunicate.html
orange-perforated-sponge.html,Orange Perforated Sponge,Agelas sventres,orange perforated sponge,orange perforated sponge,agelas sventres,https://www.snorkelstj.com/orange-perforated-sponge.html
orange-veined-encrusting-sponge.html,Orange Veined Encrusting Sponge,,orange veined encrusting sponge,encrusting orange sponge veined,,https://www.snorkelstj.com/orange-veined-encrusting-sponge.html
orangespotted-blenny.html,Orangespotted Blenny,Hypleurochilus springeri,orangespotted blenny,blenny orangespotted,hypleurochilus springeri,https://www.snorkelstj.com/orangespotted-blenny.html
orangespotted-filefish.html,Orangespotted Filefish,Cantherhines pullus,orangespotted filefish,filefish orangespotted,cantherhines pullus,https://www.snorkelstj.com/orangespotted-filefish.html
orangespotted-goby.html,Orangespotted Goby,Nes longus,orangespotted goby,goby orangespotted,nes longus,https://www.snorkelstj.com/orangespotted-goby.html
other-sponges.html,Uncatagorized Sponges,,uncatagorized sponges,sponges uncatagorized,,https://www.snorkelstj.com/other-sponges.html
overgrowing-mat-tunicate.html,Overgrowing Mat tunicate,Trididemum solidum,overgrowing mat tunicate,mat overgrowing tunicate,trididemum solidum,https://www.snorkelstj.com/overgrowing-mat-tunicate.html
painted-tunicate.html,Painted tunicate,Clavelina picta,painted tunicate,painted tunicate,clavelina picta,https://www.snorkelstj.com/painted-tunicate.html
pale-anemone.html,Pale Anemone,Aiptasia tagetes,pale anemone,anemone pale,aiptasia tagetes,https://www.snorkelstj.com/pale-anemone.html
palometa-jack.html,Palometa Jack / Great Pompano,Trachinotus goodei,palometa jack great pompano,great jack palometa pompano,trachinotus goodei,https://www.snorkelstj.com/palometa-jack.html
parrotfish.html,Parrotfish,,parrotfish,parrotfish,,https://www.snorkelstj.com/parrotfish.html
peacock-flounder.html,Peacock Flounder,Bothus lunatus,peacock flounder,flounder peacock,bothus lunatus,https://www.snorkelstj.com/peacock-flounder.html
pearl-blenny.html,Pearl Blenny,Entomacrodus nigricans,pearl blenny,blenny pearl,entomacrodus nigricans,https://www.snorkelstj.com/pearl-blenny.html
pearly-razorfish.html,Pearly Razorfish -,Xyrichtys novacula-,pearly razorfish,pearly razorfish,xyrichtys novacula,https://www.snorkelstj.com/pearly-razorfish.html
pederson-cleaning-shrimp.html,Pederson Shrimp,Periclimenes pedersoni,pederson shrimp,pederson shrimp,periclimenes pedersoni,https://www.snorkelstj.com/pederson-cleaning-shrimp.html
permit-jack.html,Permit Jack,Trachinotus falcatus,permit jack,jack permit,trachinotus falcatus,https://www.snorkelstj.com/permit-jack.html
pillar-coral.html,Pillar Coral,Dendrogyra cylindrus,pillar coral,coral pillar,dendrogyra cylindrus,https://www.snorkelstj.com/pillar-coral.html
pink-and-red-encrusting-sponge.html,Pink & Red Encrusting Sponge,Spirastrella coccinea,pink red encrusting sponge,encrusting pink red sponge,spirastrella coccinea,https://www.snorkelstj.com/pink-and-red-encrusting-sponge.html
pink-encrusting-sponge.html,Pink Encrusting Sponge,,pink encrusting sponge,encrusting pink sponge,,https://www.snorkelstj.com/pink-encrusting-sponge.html
pink-vase-sponge.html,Pink Vase Sponge,Niphates digitalis,pink vase sponge,pink sponge vase,niphates digitalis,https://www.snorkelstj.com/pink-vase-sponge.html
pitted-tube-sponge.html,Pitted Tube Sponge,Smenospongia aurea,pitted tube sponge,pitted sponge tube,smenospongia aurea,https://www.snorkelstj.com/pitted-tube-sponge.html
plate-lettuce-coral.html,Lettuce Corals,,lettuce corals,corals lettuce,,https://www.snorkelstj.com/plate-lettuce-coral.html
plumed-scorpionfish.html,Plumed Scorpionfish,Scorpaena grandicornis,plumed scorpionfish,plumed scorpionfish,scorpaena grandicornis,https://www.snorkelstj.com/plumed-scorpionfish.html
polychaete-worm.html,Plychaete Worm Swimming,,plychaete worm swimming,plychaete swimming worm,,https://www.snorkelstj.com/polychaete-worm.html
porcupinefish.html,Porcupinefish,Diodon hystrix,porcupinefish,porcupinefish,diodon hystrix,https://www.snorkelstj.com/porcupinefish.html
porkfish.html,Porkfish,Anisotremus virginicus,porkfish,porkfish,anisotremus virginicus,https://www.snorkelstj.com/porkfish.html
porous-sea-rods.html,Porous Sea Rods,,porous sea rods,porous rods sea,,https://www.snorkelstj.com/porous-sea-rods.html
prawn.html,Transparent Prawn Shrimp,Palaemon elegans,transparent prawn shrimp,prawn shrimp transparent,palaemon elegans,https://www.snorkelstj.com/prawn.html
princess-parrotfish.html,Princess Parrotfish,Scarus taeniopterus,princess parrotfish,parrotfish princess,scarus taeniopterus,https://www.snorkelstj.com/princess-parrotfish.html
puddingwife.html,Puddingwife,Halichoeres radiatus,puddingwife,puddingwife,halichoeres radiatus,https://www.snorkelstj.com/puddingwife.html
puffcheek-blenny.html,Puffcheek Blenny,Gobioclinus bucciferus,puffcheek blenny,blenny puffcheek,gobioclinus bucciferus,https://www.snorkelstj.com/puffcheek-blenny.html
punchbowl-tube-worm.html,Punch Bowl Tube Worm,,punch bowl tube worm,bowl punch tube worm,,https://www.snorkelstj.com/punchbowl-tube-worm.html
purplemouth-moray.html,Purplemouth Moray Eel,Gymnothorax vicinus,purplemouth moray eel,eel moray purplemouth,gymnothorax vicinus,https://www.snorkelstj.com/purplemouth-moray.html
purse-oyster.html,Purse-Oyster,Isognomon sp,purse oyster,oyster purse,,https://www.snorkelstj.com/purse-oyster.html
queen-angelfish.html,Queen Angelfish,Holacanthus ciliaris,queen angelfish,angelfish queen,holacanthus ciliaris,https://www.snorkelstj.com/queen-angelfish.html
queen-parrotfish.html,Queen Parrotfish,Scarus vetula,queen parrotfish,parrotfish queen,scarus vetula,https://www.snorkelstj.com/queen-parrotfish.html
queen-triggerfish.html,Queen Triggerfish,Balistes vetula,queen triggerfish,queen triggerfish,balistes vetula,https://www.snorkelstj.com/queen-triggerfish.html
ragged-seahare.html,Ragged Seahare,Bursatella leachii,ragged seahare,ragged seahare,bursatella leachii,https://www.snorkelstj.com/ragged-seahare.html
rainbow-parrotfish.html,Rainbow Parrotfish,Scarus guacamaia,rainbow parrotfish,parrotfish rainbow,scarus guacamaia,https://www.snorkelstj.com/rainbow-parrotfish.html
red-blistered-spoon-worm.html,Red-blistered Spoon Worm,,red blistered spoon worm,blistered red spoon worm,,https://www.snorkelstj.com/red-blistered-spoon-worm.html
red-boring-sponge.html,Red Boring Sponge,Cliona delitrix,red boring sponge,boring red sponge,cliona delitrix,https://www.snorkelstj.com/red-boring-sponge.html
red-colonial-tube-worm.html,Red Colonial Tube Worm,Filogranella elatensis,red colonial tube worm,colonial red tube worm,filogranella elatensis,https://www.snorkelstj.com/red-colonial-tube-worm.html
red-ear-herring.html,Red-ear Herring,Harengula humerali,red ear herring,ear herring red,harengula humerali,https://www.snorkelstj.com/red-ear-herring.html
red-encrusting-sponge.html,Red Encrusting Sponge,Monanchora arbuscula,red encrusting sponge,encrusting red sponge,monanchora arbuscula,https://www.snorkelstj.com/red-encrusting-sponge.html
red-heart-urchin.html,Red Heart Urchin,Meoma ventricosa,red heart urchin,heart red urchin,meoma ventricosa,https://www.snorkelstj.com/red-heart-urchin.html
red-hind.html,Red Hind,Epinephelus guttatus,red hind,hind red,epinephelus guttatus,https://www.snorkelstj.com/red-hind.html
red-night-shrimp.html,Red Night Shrimp,Cinetorhynchus manningi,red night shrimp,night red shrimp,cinetorhynchus manningi,https://www.snorkelstj.com/red-night-shrimp.html
red-orange-encrusting-sponge.html,Red Orange Sponge,Diplastrella megastellata,red orange sponge,orange red sponge,diplastrella megastellata,https://www.snorkelstj.com/red-orange-encrusting-sponge.html
red-ridge-clinging-crab.html,Red Ridge Clining|Yellow Coral Crab,Mithrax forceps,red ridge clining yellow coral crab,clining coral crab red ridge yellow,mithrax forceps,https://www.snorkelstj.com/red-ridge-clinging-crab.html
red-sieve-encrusting-sponge.html,Red Sieve Encrusting Sponge,Phorbas amaranthus,red sieve encrusting sponge,encrusting red sieve sponge,phorbas amaranthus,https://www.snorkelstj.com/red-sieve-encrusting-sponge.html
red-snapping-shrimp.html,Red Snapping Shrimp,Alpheus spp,red snapping shrimp,red shrimp snapping,,https://www.snorkelstj.com/red-snapping-shrimp.html
redband-parrotfish.html,Redband Parrotfish,Sparisoma aurofrenatum,redband parrotfish,parrotfish redband,sparisoma aurofrenatum,https://www.snorkelstj.com/redband-parrotfish.html
redfin-yellowtail-parrotfish.html,Redfin/Yellowtail Parrotfish,Sparisoma rubripinne,redfin yellowtail parrotfish,parrotfish redfin yellowtail,sparisoma rubripinne,https://www.snorkelstj.com/redfin-yellowtail-parrotfish.html
redlip-blenny.html,Redlip Blenny,Ophioblennius macclurei,redlip blenny,blenny redlip,ophioblennius macclurei,https://www.snorkelstj.com/redlip-blenny.html
reef-croaker.html,Reef Croaker Fish,Odontoscion dentex,reef croaker fish,croaker fish reef,odontoscion dentex,https://www.snorkelstj.com/reef-croaker.html
reef-scorpionfish.html,Reef Scorpionfish,Scorpaenodes caribbaeus,reef scorpionfish,reef scorpionfish,scorpaenodes caribbaeus,https://www.snorkelstj.com/reef-scorpionfish.html
reef-squirrelfish.html,Reef Squirrelfish -,Neoniphon coruscum,reef squirrelfish,reef squirrelfish,neoniphon coruscum,https://www.snorkelstj.com/reef-squirrelfish.html
reef-urchin.html,Reef Urchin,Echinometra viridis,reef urchin,reef urchin,echinometra viridis,https://www.snorkelstj.com/reef-urchin.html
reticulated-brittle-star.html,Reticularted Brittle Star,Ophionereis reticulata,reticularted brittle star,brittle reticularted star,ophionereis reticulata,https://www.snorkelstj.com/reticulated-brittle-star.html
reticulated-sea-slug.html,Reticulated Sea Slug,Oxynoe antillarum,reticulated sea slug,reticulated sea slug,oxynoe antillarum,https://www.snorkelstj.com/reticulated-sea-slug.html
rippled-vase-sponge.html,Branching Vase Sponge,Callyspongia aculeata,branching vase sponge,branching sponge vase,callyspongia aculeata,https://www.snorkelstj.com/rippled-vase-sponge.html
rock-beauty-angelfish.html,Rock-Beauty,Holacanthus tricolor,rock beauty,beauty rock,holacanthus tricolor,https://www.snorkelstj.com/rock-beauty-angelfish.html
rock-boring-urchins.html,Rock Boring Urchins,Echinometra lucunter,rock boring urchins,boring rock urchins,echinometra lucunter,https://www.snorkelstj.com/rock-boring-urchins.html
rock-hind.html,Rock Hind,Epinephelus adscensionis,rock hind,hind rock,epinephelus adscensionis,https://www.snorkelstj.com/rock-hind.html
rose-coral.html,Rose Coral,Manicina areolata,rose coral,coral rose,manicina areolata,https://www.snorkelstj.com/rose-coral.html
rosy-blenny.html,Rosy Blenny,Malacoctenus macropus,rosy blenny,blenny rosy,malacoctenus macropus,https://www.snorkelstj.com/rosy-blenny.html
rosy-razorfish.html,Rosy Razorfish,Xyrichtys martinicensis,rosy razorfish,razorfish rosy,xyrichtys martinicensis,https://www.snorkelstj.com/rosy-razorfish.html
rough-fileclam.html,Rough Fileclam,Lima scabra,rough fileclam,fileclam rough,lima scabra,https://www.snorkelstj.com/rough-fileclam.html
row-pore-sponges.html,Row Pore Sponges,,row pore sponges,pore row sponges,,https://www.snorkelstj.com/row-pore-sponges.html
saddled-blenny.html,Saddled Blenny,Malacoctenus triangulatus,saddled blenny,blenny saddled,malacoctenus triangulatus,https://www.snorkelstj.com/saddled-blenny.html
sailors-choice.html,Sailors Choice,Haemulon parra,sailors choice,choice sailors,haemulon parra,https://www.snorkelstj.com/sailors-choice.html
sally-lightfoot-crab.html,Sally Lightfoot Crab,Grapsus grapsus,sally lightfoot crab,crab lightfoot sally,grapsus grapsus,https://www.snorkelstj.com/sally-lightfoot-crab.html
sand-diver-lizardfish.html,Sand Diver-Lizardfish,Synodus intermedius,sand diver lizardfish,diver lizardfish sand,synodus intermedius,https://www.snorkelstj.com/sand-diver-lizardfish.html
sand-tilefish.html,Sand Tilefish,Malacanthus plumieri,sand tilefish,sand tilefish,malacanthus plumieri,https://www.snorkelstj.com/sand-tilefish.html
scaled-lettuce-coral.html,Scaled Lettuce Coral,,scaled lettuce coral,coral lettuce scaled,,https://www.snorkelstj.com/scaled-lettuce-coral.html
scattered-pore-sponges.html,Saddled Blenny,Malacoctenus triangulatus,saddled blenny,blenny saddled,malacoctenus triangulatus,https://www.snorkelstj.com/scattered-pore-sponges.html
schoolmaster-snapper.html,Schoolmaster Snapper,Lutjanus apodus,schoolmaster snapper,schoolmaster snapper,lutjanus apodus,https://www.snorkelstj.com/schoolmaster-snapper.html
scrawled-cowfish.html,Scrawled Cowfish,Acanthostracion quadricornis,scrawled cowfish,cowfish scrawled,acanthostracion quadricornis,https://www.snorkelstj.com/scrawled-cowfish.html
scrawled-filefish.html,Scrawled Filefish,Aluterus scriptus,scrawled filefish,filefish scrawled,aluterus scriptus,https://www.snorkelstj.com/scrawled-filefish.html
sea-bream.html,Sea Bream,Archosargus rhomboidalis,sea bream,bream sea,archosargus rhomboidalis,https://www.snorkelstj.com/sea-bream.html
sea-pearl.html,Sea Pearl,Ventricaria ventricosa,sea pearl,pearl sea,ventricaria ventricosa,https://www.snorkelstj.com/sea-pearl.html
sea-plumes.html,Sea Plumes,,sea plumes,plumes sea,,https://www.snorkelstj.com/sea-plumes.html
sea-wasp.html,Sea,Wasp or,sea,sea,wasp or,https://www.snorkelstj.com/sea-wasp.html
seaweed-blenny.html,Seaweed Blenny,Parablennius marmoreus,seaweed blenny,blenny seaweed,parablennius marmoreus,https://www.snorkelstj.com/seaweed-blenny.html
secretary-blenny.html,Secretary Blenny,Acanthemblemaria maria,secretary blenny,blenny secretary,acanthemblemaria maria,https://www.snorkelstj.com/secretary-blenny.html
sergeant-major.html,Sergeant Major,Abudefduf saxatilis,sergeant major,major sergeant,abudefduf saxatilis,https://www.snorkelstj.com/sergeant-major.html
sharksucker.html,Sharksucker,Echeneis naucrates,sharksucker,sharksucker,echeneis naucrates,https://www.snorkelstj.com/sharksucker.html
sharpnose-pufferfish.html,Sharpnose Pufferfish,Canthigaster rostrata,sharpnose pufferfish,pufferfish sharpnose,canthigaster rostrata,https://www.snorkelstj.com/sharpnose-pufferfish.html
sheepshead-porgy.html,Sheepshead Porgy,Calamus penna,sheepshead porgy,porgy sheepshead,calamus penna,https://www.snorkelstj.com/sheepshead-porgy.html
shelf-knob-sea-rod.html,Shelf-Knob Sea Rods,Eunicea succinea,shelf knob sea rods,knob rods sea shelf,eunicea succinea,https://www.snorkelstj.com/shelf-knob-sea-rod.html
short-spine-brittle-star.html,Short Spine Brittle Stars,Ophioderma sp,short spine brittle stars,brittle short spine stars,,https://www.snorkelstj.com/short-spine-brittle-star.html
shortfin-pipefish.html,Shortfin Pipefish,Cosmocampus elucens,shortfin pipefish,pipefish shortfin,cosmocampus elucens,https://www.snorkelstj.com/shortfin-pipefish.html
shortnose-batfish.html,Shortnose Batfish,Ogcocephalus nasutus,shortnose batfish,batfish shortnose,ogcocephalus nasutus,https://www.snorkelstj.com/shortnose-batfish.html
silver-porgy.html,Silver Porgy,Diplodus argenteus,silver porgy,porgy silver,diplodus argenteus,https://www.snorkelstj.com/silver-porgy.html
slate-pencil-sea-urchin.html,Slate Pencil Sea Urchin,Eucidaris tribuloides,slate pencil sea urchin,pencil sea slate urchin,eucidaris tribuloides,https://www.snorkelstj.com/slate-pencil-sea-urchin.html
slender-filefish.html,Slender Filefish,Monacanthus tuckeri,slender filefish,filefish slender,monacanthus tuckeri,https://www.snorkelstj.com/slender-filefish.html
slender-sea-cucumber.html,Slender Sea Cucumber,Holothuria impatiens,slender sea cucumber,cucumber sea slender,holothuria impatiens,https://www.snorkelstj.com/slender-sea-cucumber.html
slimy-doris.html,Slimy Doris-Nudibranch,Dendrodoris krebsii,slimy doris nudibranch,doris nudibranch slimy,dendrodoris krebsii,https://www.snorkelstj.com/slimy-doris.html
slippery-dick-wrasse.html,Slippery Dick Wrasse,Halichoeres bivittatus,slippery dick wrasse,dick slippery wrasse,halichoeres bivittatus,https://www.snorkelstj.com/slippery-dick-wrasse.html
smallmouth-grunt.html,Smallmouth Grunt,Haemulon chrysargyreum,smallmouth grunt,grunt smallmouth,haemulon chrysargyreum,https://www.snorkelstj.com/smallmouth-grunt.html
smooth-flower-coral.html,Smooth Flower Coral,Eusmilia fastigiata,smooth flower coral,coral flower smooth,eusmilia fastigiata,https://www.snorkelstj.com/smooth-flower-coral.html
smooth-star-coral.html,Smooth Star Coral,Solenastrea bournoni,smooth star coral,coral smooth star,solenastrea bournoni,https://www.snorkelstj.com/smooth-star-coral.html
smooth-trunkfish.html,Smooth Trunkfish,Lactophrys triqueter,smooth trunkfish,smooth trunkfish,lactophrys triqueter,https://www.snorkelstj.com/smooth-trunkfish.html
snook-common.html,Common Snook,Centropomus undecimalis,common snook,common snook,centropomus undecimalis,https://www.snorkelstj.com/snook-common.html
social-feather-duster-worms.html,Social Feather Duster Worms,Bispiria brunnea,social feather duster worms,duster feather social worms,bispiria brunnea,https://www.snorkelstj.com/social-feather-duster-worms.html
southern-stingray.html,Southern Stingray,Dasyatis americana,southern stingray,southern stingray,dasyatis americana,https://www.snorkelstj.com/southern-stingray.html
spadefish-atlantic-juvenile.html,Atlantic Spadefish (Juvenile),,atlantic spadefish,atlantic spadefish,,https://www.snorkelstj.com/spadefish-atlantic-juvenile.html
spaghetti-worm.html,Spaghetti Worms,Eupolymnia crassicornis,spaghetti worms,spaghetti worms,eupolymnia crassicornis,https://www.snorkelstj.com/spaghetti-worm.html
spanish-grunt.html,Spanish Grunt,Haemulon macrostomum,spanish grunt,grunt spanish,haemulon macrostomum,https://www.snorkelstj.com/spanish-grunt.html
spanish-hogfish.html,Spanish Hogfish,,spanish hogfish,hogfish spanish,,https://www.snorkelstj.com/spanish-hogfish.html
spanish-slipper-lobster.html,Spanish Slipper Lobster,,spanish slipper lobster,lobster slipper spanish,,https://www.snorkelstj.com/spanish-slipper-lobster.html
speckled-cup-coral.html,Spinyhead Blenny,Rhizosmilia maculata,spinyhead blenny,blenny spinyhead,rhizosmilia maculata,https://www.snorkelstj.com/speckled-cup-coral.html
spiny-sea-fan.html,Spiny Sea Fan,Muricea muricata,spiny sea fan,fan sea spiny,muricea muricata,https://www.snorkelstj.com/spiny-sea-fan.html
spiny-seaweed.html,Spiny Seaweed,Acanthophora spicifera,spiny seaweed,seaweed spiny,acanthophora spicifera,https://www.snorkelstj.com/spiny-seaweed.html
spinyhead-blenny.html,Spinyhead Blenny,Acanthemblemaria spinosa,spinyhead blenny,blenny spinyhead,acanthemblemaria spinosa,https://www.snorkelstj.com/spinyhead-blenny.html
split-crown-featherduster-worm.html,Split-Crown Feather Duster Worm,Anamobaea orstedii,split crown feather duster worm,crown duster feather split worm,anamobaea orstedii,https://www.snorkelstj.com/split-crown-featherduster-worm.html
split-pore-sea-rod.html,Split Pore Sea Rods,,split pore sea rods,pore rods sea split,,https://www.snorkelstj.com/split-pore-sea-rod.html
sponge-zoanthid.html,Sponge Zoanthid,Parazoanthus parasiticus,sponge zoanthid,sponge zoanthid,parazoanthus parasiticus,https://www.snorkelstj.com/sponge-zoanthid.html
spotcheek-blenny.html,Spotcheek Blenny,Labrisomus nigricinctus,spotcheek blenny,blenny spotcheek,labrisomus nigricinctus,https://www.snorkelstj.com/spotcheek-blenny.html
spotfin-butterflyfish.html,Spotfin Butterflyfish,Chaetodon ocellatus,spotfin butterflyfish,butterflyfish spotfin,chaetodon ocellatus,https://www.snorkelstj.com/spotfin-butterflyfish.html
spotted-cleaner-shrimp.html,Spotted Cleaner Shrimp,Periclimenes yucatanicus,spotted cleaner shrimp,cleaner shrimp spotted,periclimenes yucatanicus,https://www.snorkelstj.com/spotted-cleaner-shrimp.html
spotted-drum.html,Spotted Drum,Equetus punctatus,spotted drum,drum spotted,equetus punctatus,https://www.snorkelstj.com/spotted-drum.html
spotted-goatfish.html,Spotted Goatfish,Pseudupeneus maculatis,spotted goatfish,goatfish spotted,pseudupeneus maculatis,https://www.snorkelstj.com/spotted-goatfish.html
spotted-moray-eel.html,Spotted Moray Eel,Gymnothorax moringa,spotted moray eel,eel moray spotted,gymnothorax moringa,https://www.snorkelstj.com/spotted-moray-eel.html
spotted-scorpionfish.html,Spotted Scorpionfish,Scorpaena plumieri,spotted scorpionfish,scorpionfish spotted,scorpaena plumieri,https://www.snorkelstj.com/spotted-scorpionfish.html
spotted-seahare.html,Spotted Seahare,Aplysia dactylomela,spotted seahare,seahare spotted,aplysia dactylomela,https://www.snorkelstj.com/spotted-seahare.html
spotted-spiny-lobster.html,Spotted Spiny Lobster,Panulirus guttatus,spotted spiny lobster,lobster spiny spotted,panulirus guttatus,https://www.snorkelstj.com/spotted-spiny-lobster.html
spotted-trunkfish.html,Spotted Trunkfish,Lactophrys bicaudalis,spotted trunkfish,spotted trunkfish,lactophrys bicaudalis,https://www.snorkelstj.com/spotted-trunkfish.html
staghorn-coral.html,Staghorn Coral,Acropora cervicornis,staghorn coral,coral staghorn,acropora cervicornis,https://www.snorkelstj.com/staghorn-coral.html
star-encrusting-sponge.html,Star Encrusting Sponge,Sponge identification,star encrusting sponge,encrusting sponge star,sponge identification,https://www.snorkelstj.com/star-encrusting-sponge.html
star-horseshoe-worm.html,Star Horseshoe Worm,Pomatostegus stellatus,star horseshoe worm,horseshoe star worm,pomatostegus stellatus,https://www.snorkelstj.com/star-horseshoe-worm.html
stareye-hermit-crab.html,Stareye Hermit Crab,Dardanus venosus,stareye hermit crab,crab hermit stareye,dardanus venosus,https://www.snorkelstj.com/stareye-hermit-crab.html
stinging-anemone.html,Stinging Sea Anemone,Lebrunia danae,stinging sea anemone,anemone sea stinging,lebrunia danae,https://www.snorkelstj.com/stinging-anemone.html
stinker-sponge.html,Stinker Sponge,Ircinia felix,stinker sponge,sponge stinker,ircinia felix,https://www.snorkelstj.com/stinker-sponge.html
stocky-cerith.html,Stocky Cerith,Cerithium litteratum,stocky cerith,cerith stocky,cerithium litteratum,https://www.snorkelstj.com/stocky-cerith.html
stoplight-parrotfish.html,Stoplight Parrotfish,Sparisoma viride,stoplight parrotfish,parrotfish stoplight,sparisoma viride,https://www.snorkelstj.com/stoplight-parrotfish.html
strawberry-sponge.html,Strawberry Sponge,Igernella notabilis,strawberry sponge,sponge strawberry,igernella notabilis,https://www.snorkelstj.com/strawberry-sponge.html
strawberry-tunicate.html,Strawberry tunicate,Eudistoma sp,strawberry tunicate,strawberry tunicate,,https://www.snorkelstj.com/strawberry-tunicate.html
striped-parrotfish.html,Striped Parrotfish,Scarus iserti,striped parrotfish,parrotfish striped,scarus iserti,https://www.snorkelstj.com/striped-parrotfish.html
sun-anemone-shrimp.html,Sun Anemone Shrimp,Periclimenes rathbunae,sun anemone shrimp,anemone shrimp sun,periclimenes rathbunae,https://www.snorkelstj.com/sun-anemone-shrimp.html
sun-anemone.html,Sun Anemones,Stichodactyla helianthus,sun anemones,anemones sun,stichodactyla helianthus,https://www.snorkelstj.com/sun-anemone.html
surgeonfish.html,Ocean Surgeonfish,Acanthurus tractus,ocean surgeonfish,ocean surgeonfish,acanthurus tractus,https://www.snorkelstj.com/surgeonfish.html
swollen-claw-mantis-shrimp.html,swollen-claw mantis shrimp,,swollen claw mantis shrimp,claw mantis shrimp swollen,,https://www.snorkelstj.com/swollen-claw-mantis-shrimp.html
symmetrical-brain-coral.html,Symmetrical Brain Coral,Diplora strigosa,symmetrical brain coral,brain coral symmetrical,diplora strigosa,https://www.snorkelstj.com/symmetrical-brain-coral.html
tan-hamlet.html,Tan Hamlet,Hypoplectrus randallorum,tan hamlet,hamlet tan,hypoplectrus randallorum,https://www.snorkelstj.com/tan-hamlet.html
tarpon.html,Tarpon,Megalops atlanticus,tarpon,tarpon,megalops atlanticus,https://www.snorkelstj.com/tarpon.html
ten-ray-star-coral.html,Ten Ray Star Coral,,ten ray star coral,coral ray star ten,,https://www.snorkelstj.com/ten-ray-star-coral.html
thin-leaf-lettuce-coral.html,Thin Leaf Lettuce Coral,Agaricia tenuifolia,thin leaf lettuce coral,coral leaf lettuce thin,agaricia tenuifolia,https://www.snorkelstj.com/thin-leaf-lettuce-coral.html
three-rowed-sea-cucumber.html,Three-Rowed Sea Cucumber,Isostichopus badionotus,three rowed sea cucumber,cucumber rowed sea three,isostichopus badionotus,https://www.snorkelstj.com/three-rowed-sea-cucumber.html
threespot-damselfish.html,Threespot Damselfish,Stegastes planifrons,threespot damselfish,damselfish threespot,stegastes planifrons,https://www.snorkelstj.com/threespot-damselfish.html
tidal-spray-crab.html,Tidal Spray Crab,Plagusia depressa,tidal spray crab,crab spray tidal,plagusia depressa,https://www.snorkelstj.com/tidal-spray-crab.html
tobaccofish.html,Tobaccofish,Serranus tabacarius,tobaccofish,tobaccofish,serranus tabacarius,https://www.snorkelstj.com/tobaccofish.html
tomtate-grunt.html,Tomtate Grunt,Haemulon aurolinaeatum,tomtate grunt,grunt tomtate,haemulon aurolinaeatum,https://www.snorkelstj.com/tomtate-grunt.html
touch-me-not-sponge.html,Touch-Me-Not Sponge,Neofibularia nolitangere,touch me not sponge,me not sponge touch,neofibularia nolitangere,https://www.snorkelstj.com/touch-me-not-sponge.html
triplefin.html,Redeye Triplefin Blenny,Enneanectes pectoralis,redeye triplefin blenny,blenny redeye triplefin,enneanectes pectoralis,https://www.snorkelstj.com/triplefin.html
true-tulip-snail.html,True Tulip Snail,Fasciolaria tulipa,true tulip snail,snail true tulip,fasciolaria tulipa,https://www.snorkelstj.com/true-tulip-snail.html
trumpetfish.html,Trumpetfish,Aulostomus maculatus,trumpetfish,trumpetfish,aulostomus maculatus,https://www.snorkelstj.com/trumpetfish.html
tube-coral.html,Tube Coral,,tube coral,coral tube,,https://www.snorkelstj.com/tube-coral.html
tube-dwelling-anemone.html,Tube Dwelling Anemone,Ceriantharia sp,tube dwelling anemone,anemone dwelling tube,,https://www.snorkelstj.com/tube-dwelling-anemone.html
twinhorn-blenny.html,Twinhorn Blenny,Coralliozetus cardonae,twinhorn blenny,blenny twinhorn,coralliozetus cardonae,https://www.snorkelstj.com/twinhorn-blenny.html
two-spot-octopus.html,Two Spot Octopus,Octopus filosusi,two spot octopus,octopus spot two,octopus filosusi,https://www.snorkelstj.com/two-spot-octopus.html
unbranched-hydroid.html,Unbranched Hydroid,,unbranched hydroid,hydroid unbranched,,https://www.snorkelstj.com/unbranched-hydroid.html
unicorn-filefish.html,Unicorn Filefish,Aluterus monoceros,unicorn filefish,filefish unicorn,aluterus monoceros,https://www.snorkelstj.com/unicorn-filefish.html
unidentified-beaded-anemone.html,Undetermined Beaded Anemone,,undetermined beaded anemone,anemone beaded undetermined,,https://www.snorkelstj.com/unidentified-beaded-anemone.html
unknown-sea-cucumber.html,Unknown Sea Cucumber,,unknown sea cucumber,cucumber sea unknown,,https://www.snorkelstj.com/unknown-sea-cucumber.html
upsidedown-jellyfish.html,Upsidedown Jellyfish,Cassiopia frondosa,upsidedown jellyfish,jellyfish upsidedown,cassiopia frondosa,https://www.snorkelstj.com/upsidedown-jellyfish.html
variegated-feather-duster-worm.html,Variegated Feather Duster Worm,Bispira variegata,variegated feather duster worm,duster feather variegated worm,bispira variegata,https://www.snorkelstj.com/variegated-feather-duster-worm.html
variegated-sea-urchin.html,Variegated Sea Urchin,Lytechinus variegatus,variegated sea urchin,sea urchin variegated,lytechinus variegatus,https://www.snorkelstj.com/variegated-sea-urchin.html
venus-sea-fan.html,Venus Sea Fan,Gorgonia flabellum,venus sea fan,fan sea venus,gorgonia flabellum,https://www.snorkelstj.com/venus-sea-fan.html
volcano-fire-sponge.html,Volcano / Fire Sponge,Tedania klausi,volcano fire sponge,fire sponge volcano,tedania klausi,https://www.snorkelstj.com/volcano-fire-sponge.html
warty-sea-anemone.html,Warty Sea Anemone,Bunodosoma granulifera,warty sea anemone,anemone sea warty,bunodosoma granulifera,https://www.snorkelstj.com/warty-sea-anemone.html
warty-seacat.html,Warty Seacat,Dolabrifera dolabrifera,warty seacat,seacat warty,dolabrifera dolabrifera,https://www.snorkelstj.com/warty-seacat.html
warty-sidegill-slug.html,Warty Sidegill Slug,Pleurobranchus crossei,warty sidegill slug,sidegill slug warty,pleurobranchus crossei,https://www.snorkelstj.com/warty-sidegill-slug.html
west-indian-sea-egg.html,West Indian Sea Egg,Tripneustes ventricosus,west indian sea egg,egg indian sea west,tripneustes ventricosus,https://www.snorkelstj.com/west-indian-sea-egg.html
west-indian-starsnail.html,West Indian Star Snail,Lithopoma tectum,west indian star snail,indian snail star west,lithopoma tectum,https://www.snorkelstj.com/west-indian-starsnail.html
west-indian-top-shell.html,West Indian Top Shell Snail,Cittarium pica,west indian top shell snail,indian shell snail top west,cittarium pica,https://www.snorkelstj.com/west-indian-top-shell.html
west-indian-triton.html,Atlantic Triton's Trumpet Snail,Charonia variegata,atlantic triton s trumpet snail,atlantic s snail triton trumpet,charonia variegata,https://www.snorkelstj.com/west-indian-triton.html
white-encrusting-zoanthid.html,White Encrusting Zoanthid,Palythoa caribaeorum,white encrusting zoanthid,encrusting white zoanthid,palythoa caribaeorum,https://www.snorkelstj.com/white-encrusting-zoanthid.html
white-grunt.html,White Grunt,Haemulon plumierii,white grunt,grunt white,haemulon plumierii,https://www.snorkelstj.com/white-grunt.html
white-margate.html,White Margate,Haemulon album,white margate,margate white,haemulon album,https://www.snorkelstj.com/white-margate.html
white-mullet.html,White Mullet,Mugil curema,white mullet,mullet white,mugil curema,https://www.snorkelstj.com/white-mullet.html
white-speckled-hermit-crab.html,White Speckled Hermit Crab,Paguristes punticeps,white speckled hermit crab,crab hermit speckled white,paguristes punticeps,https://www.snorkelstj.com/white-speckled-hermit-crab.html
white-stinger-hydroid.html,White Stinger Hydroid,Macrorhynchia philippia,white stinger hydroid,hydroid stinger white,macrorhynchia philippia,https://www.snorkelstj.com/white-stinger-hydroid.html
white-telesto.html,"White Telesto, Snowflake Coral",,white telesto snowflake coral,coral snowflake telesto white,,https://www.snorkelstj.com/white-telesto.html
whitespotted-filefish.html,Whitespotted Filefish,Cantherhines macrocerus,whitespotted filefish,filefish whitespotted,cantherhines macrocerus,https://www.snorkelstj.com/whitespotted-filefish.html
wide-mesh-sea-fan.html,Wide Mesh Sea Fan,Gorgonia mariae,wide mesh sea fan,fan mesh sea wide,gorgonia mariae,https://www.snorkelstj.com/wide-mesh-sea-fan.html
wormsnail.html,Wormsnail,Vermicularia knorrii,wormsnail,wormsnail,vermicularia knorrii,https://www.snorkelstj.com/wormsnail.html
yellow-fanworm.html,Yellow Fanworm,Notaulax occidentalis,yellow fanworm,fanworm yellow,notaulax occidentalis,https://www.snorkelstj.com/yellow-fanworm.html
yellow-goatfish.html,Yellow Goatfish,Pseudupeneus maculatus,yellow goatfish,goatfish yellow,pseudupeneus maculatus,https://www.snorkelstj.com/yellow-goatfish.html
yellow-jack.html,Yellow Jack,Caranx bartholomaei,yellow jack,jack yellow,caranx bartholomaei,https://www.snorkelstj.com/yellow-jack.html
yellow-lace-sponge.html,Yellow Lace Sponge,Clathrina sp,yellow lace sponge,lace sponge yellow,,https://www.snorkelstj.com/yellow-lace-sponge.html
yellow-pencil-coral.html,Yellow Pencil Coral,Madracis mirabilis,yellow pencil coral,coral pencil yellow,madracis mirabilis,https://www.snorkelstj.com/yellow-pencil-coral.html
yellow-sea-whip.html,Yellow Sea Whip,Pterogorgia citrina,yellow sea whip,sea whip yellow,pterogorgia citrina,https://www.snorkelstj.com/yellow-sea-whip.html
yellow-tube-sponge.html,Yellow Tube Sponge,Aplysina fistularis,yellow tube sponge,sponge tube yellow,aplysina fistularis,https://www.snorkelstj.com/yellow-tube-sponge.html
yellowfin-mojarra.html,Yellowfin Mojarra,Gerres cinereus,yellowfin mojarra,mojarra yellowfin,gerres cinereus,https://www.snorkelstj.com/yellowfin-mojarra.html
yellowhead-jawfish.html,Yellowhead Jawfish,Opistognathus aurifrons,yellowhead jawfish,jawfish yellowhead,opistognathus aurifrons,https://www.snorkelstj.com/yellowhead-jawfish.html
yellowhead-wrasse.html,Yellowhead Wrasse,Halichoeres garnoti,yellowhead wrasse,wrasse yellowhead,halichoeres garnoti,https://www.snorkelstj.com/yellowhead-wrasse.html
yellowline-arrow-crab.html,Yellowline Arrow Crab,Stenorhynchus seticornis,yellowline arrow crab,arrow crab yellowline,stenorhynchus seticornis,https://www.snorkelstj.com/yellowline-arrow-crab.html
yellowtail-damselfish.html,Yellowtail Damselfish,Microspathodon chrysurus,yellowtail damselfish,damselfish yellowtail,microspathodon chrysurus,https://www.snorkelstj.com/yellowtail-damselfish.html
yellowtail-hamlet.html,Yellowtail Hamlet,Hypoplectrus chlorurus,yellowtail hamlet,hamlet yellowtail,hypoplectrus chlorurus,https://www.snorkelstj.com/yellowtail-hamlet.html
yellowtail-snapper.html,Yellowtail Snapper,Ocyurus chrysurus,yellowtail snapper,snapper yellowtail,ocyurus chrysurus,https://www.snorkelstj.com/yellowtail-snapper.html
